[
  {
    "id": "6505caa2-b76a-46df-8105-e2a192a1440f",
    "data": [
      {
        "text": "acender",
        "alias": "Acender",
        "meta": "@Acender",
        "userDefined": false
      },
      {
        "text": " luz da ",
        "userDefined": false
      },
      {
        "text": "cozinha",
        "alias": "Dispositivos",
        "meta": "@Dispositivos",
        "userDefined": false
      }
    ],
    "isTemplate": false,
    "count": 0
  },
  {
    "id": "68639f8a-ebc4-4737-b456-6f518d12db73",
    "data": [
      {
        "text": "ligar",
        "alias": "Acender",
        "meta": "@Acender",
        "userDefined": false
      },
      {
        "text": " lâmpada da ",
        "userDefined": false
      },
      {
        "text": "garagem",
        "alias": "Dispositivos",
        "meta": "@Dispositivos",
        "userDefined": false
      }
    ],
    "isTemplate": false,
    "count": 0
  },
  {
    "id": "6bb6a64c-fcbc-4a41-8774-aab73fb22e90",
    "data": [
      {
        "text": "acionar",
        "alias": "Acender",
        "meta": "@Acender",
        "userDefined": false
      },
      {
        "text": " a luz da ",
        "userDefined": false
      },
      {
        "text": "copa",
        "alias": "Dispositivos",
        "meta": "@Dispositivos",
        "userDefined": false
      }
    ],
    "isTemplate": false,
    "count": 0
  },
  {
    "id": "26cb6cc0-c4a9-4eb1-bb58-27c18064c2b4",
    "data": [
      {
        "text": "ativar",
        "alias": "Acender",
        "meta": "@Acender",
        "userDefined": false
      },
      {
        "text": " ",
        "userDefined": false
      },
      {
        "text": "copa",
        "alias": "Dispositivos",
        "meta": "@Dispositivos",
        "userDefined": false
      }
    ],
    "isTemplate": false,
    "count": 0
  },
  {
    "id": "bc7ffb43-a919-4b07-90cf-55bf5ed985b9",
    "data": [
      {
        "text": "ligar",
        "alias": "Acender",
        "meta": "@Acender",
        "userDefined": false
      },
      {
        "text": " luz da ",
        "userDefined": false
      },
      {
        "text": "rua",
        "alias": "Dispositivos",
        "meta": "@Dispositivos",
        "userDefined": false
      }
    ],
    "isTemplate": false,
    "count": 0
  },
  {
    "id": "6415012f-6913-4716-b4bd-e02ede06a538",
    "data": [
      {
        "text": "acender",
        "alias": "Acender",
        "meta": "@Acender",
        "userDefined": false
      },
      {
        "text": " ",
        "userDefined": false
      },
      {
        "text": "Corredor",
        "alias": "Dispositivos",
        "meta": "@Dispositivos",
        "userDefined": false
      }
    ],
    "isTemplate": false,
    "count": 0
  },
  {
    "id": "f8e02329-b4d4-463e-bd2b-32ce0fcd395d",
    "data": [
      {
        "text": "ligar",
        "alias": "Acender",
        "meta": "@Acender",
        "userDefined": true
      },
      {
        "text": " luz da ",
        "userDefined": false
      },
      {
        "text": "sala",
        "alias": "Dispositivos",
        "meta": "@Dispositivos",
        "userDefined": false
      }
    ],
    "isTemplate": false,
    "count": 1
  }
]